{"cameraMode":{"drawMode":0,"name":"Shaded","section":"Shading Mode"},"sceneLighting":false,"audioPlay":false,"sceneViewState":{"m_AlwaysRefresh":false,"showFog":true,"showSkybox":false,"showFlares":true,"showImageEffects":true,"showParticleSystems":true,"showVisualEffectGraphs":true,"m_FxEnabled":true},"in2DMode":false,"pivot":{"x":0.08364192396402359,"y":0.21828415989875794,"z":0.12711785733699799},"rotation":{"x":0.039021823555231097,"y":-0.9577743411064148,"z":0.23743145167827607,"w":0.15741455554962159},"size":0.27763158082962038,"orthographic":true}