{"cameraMode":{"drawMode":0,"name":"Shaded","section":"Shading Mode"},"sceneLighting":false,"audioPlay":false,"sceneViewState":{"m_AlwaysRefresh":false,"showFog":true,"showSkybox":false,"showFlares":true,"showImageEffects":true,"showParticleSystems":true,"showVisualEffectGraphs":true,"m_FxEnabled":true},"in2DMode":false,"pivot":{"x":-0.06284140050411225,"y":0.36391499638557436,"z":-0.13851892948150636},"rotation":{"x":0.0023837920743972065,"y":0.9961836338043213,"z":-0.08268368244171143,"w":0.028698043897747995},"size":0.43014347553253176,"orthographic":false}