{"cameraMode":{"drawMode":0,"name":"Shaded","section":"Shading Mode"},"sceneLighting":false,"audioPlay":false,"sceneViewState":{"m_AlwaysRefresh":false,"showFog":true,"showSkybox":false,"showFlares":true,"showImageEffects":true,"showParticleSystems":true,"showVisualEffectGraphs":true,"m_FxEnabled":true},"in2DMode":false,"pivot":{"x":1.4367122650146485,"y":-0.9243993759155273,"z":0.00681149959564209},"rotation":{"x":-0.29632526636123659,"y":-0.6611782908439636,"z":0.3210124671459198,"w":-0.6099653244018555},"size":1.7152478694915772,"orthographic":false}