{"cameraMode":{"drawMode":0,"name":"Shaded","section":"Shading Mode"},"sceneLighting":false,"audioPlay":false,"sceneViewState":{"m_AlwaysRefresh":false,"showFog":true,"showSkybox":false,"showFlares":true,"showImageEffects":true,"showParticleSystems":true,"showVisualEffectGraphs":true,"m_FxEnabled":true},"in2DMode":false,"pivot":{"x":-0.35919713973999026,"y":0.12874716520309449,"z":0.4226236045360565},"rotation":{"x":-0.19395498931407929,"y":0.430478036403656,"z":-0.09527166932821274,"w":-0.8763467073440552},"size":0.5519925355911255,"orthographic":false}