{"cameraMode":{"drawMode":0,"name":"Shaded","section":"Shading Mode"},"sceneLighting":false,"audioPlay":false,"sceneViewState":{"m_AlwaysRefresh":false,"showFog":true,"showSkybox":false,"showFlares":true,"showImageEffects":true,"showParticleSystems":true,"showVisualEffectGraphs":true,"m_FxEnabled":true},"in2DMode":false,"pivot":{"x":-6.260903358459473,"y":-3.134072780609131,"z":3.852250099182129},"rotation":{"x":-0.11404679715633393,"y":-0.015797628089785577,"z":0.0018147092778235674,"w":-0.9933455586433411},"size":6.619579792022705,"orthographic":false}